/*
Deployment script for vantagepropertiesdb

This code was generated by a tool.
Changes to this file may cause incorrect behavior and will be lost if
the code is regenerated.
*/
GO
PRINT N'Creating [dbo].[Districts]...';


GO
CREATE TABLE [dbo].[Districts] (
    [Id]         INT            IDENTITY (1, 1) NOT NULL,
    [Name]       NVARCHAR (MAX) NULL,
    [Population] INT            NOT NULL,
    [Area]       FLOAT (53)     NOT NULL,
    [Density]    FLOAT (53)     NOT NULL,
    CONSTRAINT [PK_dbo.Districts] PRIMARY KEY CLUSTERED ([Id] ASC)
);


GO
PRINT N'Creating [dbo].[Locations]...';


GO
CREATE TABLE [dbo].[Locations] (
    [Id]         INT            IDENTITY (1, 1) NOT NULL,
    [Name]       NVARCHAR (MAX) NULL,
    [DistrictId] INT            NOT NULL,
    CONSTRAINT [PK_dbo.Locations] PRIMARY KEY CLUSTERED ([Id] ASC)
);


GO
PRINT N'Creating [dbo].[Locations].[IX_DistrictId]...';


GO
CREATE NONCLUSTERED INDEX [IX_DistrictId]
    ON [dbo].[Locations]([DistrictId] ASC);


GO
PRINT N'Creating [dbo].[Neighbourhoods]...';


GO
CREATE TABLE [dbo].[Neighbourhoods] (
    [NeighbourhoodName] NVARCHAR (128) NOT NULL,
    [LocationId]        INT            NOT NULL,
    CONSTRAINT [PK_dbo.Neighbourhoods] PRIMARY KEY CLUSTERED ([NeighbourhoodName] ASC)
);


GO
PRINT N'Creating [dbo].[Neighbourhoods].[IX_LocationId]...';


GO
CREATE NONCLUSTERED INDEX [IX_LocationId]
    ON [dbo].[Neighbourhoods]([LocationId] ASC);


GO
PRINT N'Creating [dbo].[Plots]...';


GO
CREATE TABLE [dbo].[Plots] (
    [PlotId]          UNIQUEIDENTIFIER NOT NULL,
    [PlotNo]          NVARCHAR (MAX)   NULL,
    [WardId]          INT              NOT NULL,
    [PolygonId]       INT              NOT NULL,
    [Size]            FLOAT (53)       NULL,
    [LandUse]         INT              NOT NULL,
    [polygon_ShapeId] FLOAT (53)       NULL,
    [Ward_WardName]   NVARCHAR (128)   NULL,
    CONSTRAINT [PK_dbo.Plots] PRIMARY KEY CLUSTERED ([PlotId] ASC)
);


GO
PRINT N'Creating [dbo].[Plots].[IX_polygon_ShapeId]...';


GO
CREATE NONCLUSTERED INDEX [IX_polygon_ShapeId]
    ON [dbo].[Plots]([polygon_ShapeId] ASC);


GO
PRINT N'Creating [dbo].[Plots].[IX_Ward_WardName]...';


GO
CREATE NONCLUSTERED INDEX [IX_Ward_WardName]
    ON [dbo].[Plots]([Ward_WardName] ASC);


GO
PRINT N'Creating [dbo].[PlotShapes]...';


GO
CREATE TABLE [dbo].[PlotShapes] (
    [ShapeId] FLOAT (53) NOT NULL,
    [Height]  FLOAT (53) NOT NULL,
    [Width]   FLOAT (53) NOT NULL,
    CONSTRAINT [PK_dbo.PlotShapes] PRIMARY KEY CLUSTERED ([ShapeId] ASC)
);


GO
PRINT N'Creating [dbo].[PropertySales]...';


GO
CREATE TABLE [dbo].[PropertySales] (
    [Id]             UNIQUEIDENTIFIER NOT NULL,
    [AddedOn]        DATETIME         NOT NULL,
    [PlotId]         UNIQUEIDENTIFIER NOT NULL,
    [Price]          DECIMAL (18, 2)  NOT NULL,
    [CompletionDate] DATETIME         NOT NULL,
    CONSTRAINT [PK_dbo.PropertySales] PRIMARY KEY CLUSTERED ([Id] ASC)
);


GO
PRINT N'Creating [dbo].[PropertySales].[IX_PlotId]...';


GO
CREATE NONCLUSTERED INDEX [IX_PlotId]
    ON [dbo].[PropertySales]([PlotId] ASC);


GO
PRINT N'Creating [dbo].[Valuations]...';


GO
CREATE TABLE [dbo].[Valuations] (
    [Id]                  BIGINT             IDENTITY (1, 1) NOT NULL,
    [LocationId]          INT                NOT NULL,
    [PlotNo]              NVARCHAR (MAX)     NULL,
    [LandUse]             NVARCHAR (MAX)     NULL,
    [PropertyType]        NVARCHAR (MAX)     NULL,
    [ValuationType]       NVARCHAR (MAX)     NULL,
    [SizeUnitsTypeID]     INT                NOT NULL,
    [Size]                DECIMAL (18, 2)    NOT NULL,
    [ValuationDate]       DATETIME           NOT NULL,
    [ValuationAmount]     DECIMAL (18, 2)    NOT NULL,
    [DifferentiatorNotes] NVARCHAR (MAX)     NULL,
    [RequestProperties]   NVARCHAR (MAX)     NULL,
    [Source]              NVARCHAR (MAX)     NULL,
    [Host]                NVARCHAR (MAX)     NULL,
    [LocalityName]        NVARCHAR (MAX)     NULL,
    [RequestUri]          NVARCHAR (MAX)     NULL,
    [RequestDate]         DATETIMEOFFSET (7) NULL,
    CONSTRAINT [PK_dbo.Valuations] PRIMARY KEY CLUSTERED ([Id] ASC)
);


GO
PRINT N'Creating [dbo].[Valuations].[IX_LocationId]...';


GO
CREATE NONCLUSTERED INDEX [IX_LocationId]
    ON [dbo].[Valuations]([LocationId] ASC);


GO
PRINT N'Creating [dbo].[Wards]...';


GO
CREATE TABLE [dbo].[Wards] (
    [WardName]                        NVARCHAR (128) NOT NULL,
    [Neighbourhood_NeighbourhoodName] NVARCHAR (128) NULL,
    CONSTRAINT [PK_dbo.Wards] PRIMARY KEY CLUSTERED ([WardName] ASC)
);


GO
PRINT N'Creating [dbo].[Wards].[IX_Neighbourhood_NeighbourhoodName]...';


GO
CREATE NONCLUSTERED INDEX [IX_Neighbourhood_NeighbourhoodName]
    ON [dbo].[Wards]([Neighbourhood_NeighbourhoodName] ASC);


GO
PRINT N'Creating [dbo].[FK_dbo.Locations_dbo.Districts_DistrictId]...';


GO
ALTER TABLE [dbo].[Locations] WITH NOCHECK
    ADD CONSTRAINT [FK_dbo.Locations_dbo.Districts_DistrictId] FOREIGN KEY ([DistrictId]) REFERENCES [dbo].[Districts] ([Id]) ON DELETE CASCADE;


GO
PRINT N'Creating [dbo].[FK_dbo.Neighbourhoods_dbo.Locations_LocationId]...';


GO
ALTER TABLE [dbo].[Neighbourhoods] WITH NOCHECK
    ADD CONSTRAINT [FK_dbo.Neighbourhoods_dbo.Locations_LocationId] FOREIGN KEY ([LocationId]) REFERENCES [dbo].[Locations] ([Id]) ON DELETE CASCADE;


GO
PRINT N'Creating [dbo].[FK_dbo.Plots_dbo.PlotShapes_polygon_ShapeId]...';


GO
ALTER TABLE [dbo].[Plots] WITH NOCHECK
    ADD CONSTRAINT [FK_dbo.Plots_dbo.PlotShapes_polygon_ShapeId] FOREIGN KEY ([polygon_ShapeId]) REFERENCES [dbo].[PlotShapes] ([ShapeId]);


GO
PRINT N'Creating [dbo].[FK_dbo.Plots_dbo.Wards_Ward_WardName]...';


GO
ALTER TABLE [dbo].[Plots] WITH NOCHECK
    ADD CONSTRAINT [FK_dbo.Plots_dbo.Wards_Ward_WardName] FOREIGN KEY ([Ward_WardName]) REFERENCES [dbo].[Wards] ([WardName]);


GO
PRINT N'Creating [dbo].[FK_dbo.PropertySales_dbo.Plots_PlotId]...';


GO
ALTER TABLE [dbo].[PropertySales] WITH NOCHECK
    ADD CONSTRAINT [FK_dbo.PropertySales_dbo.Plots_PlotId] FOREIGN KEY ([PlotId]) REFERENCES [dbo].[Plots] ([PlotId]) ON DELETE CASCADE;


GO
PRINT N'Creating [dbo].[FK_dbo.Valuations_dbo.Locations_LocationId]...';


GO
ALTER TABLE [dbo].[Valuations] WITH NOCHECK
    ADD CONSTRAINT [FK_dbo.Valuations_dbo.Locations_LocationId] FOREIGN KEY ([LocationId]) REFERENCES [dbo].[Locations] ([Id]) ON DELETE CASCADE;


GO
PRINT N'Creating [dbo].[FK_dbo.Wards_dbo.Neighbourhoods_Neighbourhood_NeighbourhoodName]...';


GO
ALTER TABLE [dbo].[Wards] WITH NOCHECK
    ADD CONSTRAINT [FK_dbo.Wards_dbo.Neighbourhoods_Neighbourhood_NeighbourhoodName] FOREIGN KEY ([Neighbourhood_NeighbourhoodName]) REFERENCES [dbo].[Neighbourhoods] ([NeighbourhoodName]);


GO


--DATA SEEDING

GO
SET IDENTITY_INSERT [dbo].[Districts] ON 

INSERT [dbo].[Districts] ([Id], [Name], [Population], [Area], [Density]) VALUES (1, N'Southern', 197767, 28470, 6.9465)
INSERT [dbo].[Districts] ([Id], [Name], [Population], [Area], [Density]) VALUES (2, N'South-East', 85014, 1780, 47.76)
INSERT [dbo].[Districts] ([Id], [Name], [Population], [Area], [Density]) VALUES (3, N'Kweneng', 304549, 31100, 9.793)
INSERT [dbo].[Districts] ([Id], [Name], [Population], [Area], [Density]) VALUES (4, N'Kgatleng', 91660, 7960, 11.515)
INSERT [dbo].[Districts] ([Id], [Name], [Population], [Area], [Density]) VALUES (5, N'Central', 576064, 142076, 4.054619)
INSERT [dbo].[Districts] ([Id], [Name], [Population], [Area], [Density]) VALUES (6, N'North-East', 60264, 550, 11.77)
INSERT [dbo].[Districts] ([Id], [Name], [Population], [Area], [Density]) VALUES (7, N'Ngamiland', 152284, 109130, 1.39544)
INSERT [dbo].[Districts] ([Id], [Name], [Population], [Area], [Density]) VALUES (8, N'Chobe', 23347, 20800, 1.525)
INSERT [dbo].[Districts] ([Id], [Name], [Population], [Area], [Density]) VALUES (9, N'Ghanzi', 43095, 117910, 0.365491)
INSERT [dbo].[Districts] ([Id], [Name], [Population], [Area], [Density]) VALUES (10, N'Kgalagadi', 50752, 105200, 0.48243)
SET IDENTITY_INSERT [dbo].[Districts] OFF
SET IDENTITY_INSERT [dbo].[Locations] ON 

INSERT [dbo].[Locations] ([Id], [Name], [DistrictId]) VALUES (1, N'Bobirwa', 5)
INSERT [dbo].[Locations] ([Id], [Name], [DistrictId]) VALUES (2, N'Boteti', 5)
INSERT [dbo].[Locations] ([Id], [Name], [DistrictId]) VALUES (3, N'Lerala', 5)
INSERT [dbo].[Locations] ([Id], [Name], [DistrictId]) VALUES (4, N'Mahalapye', 5)
INSERT [dbo].[Locations] ([Id], [Name], [DistrictId]) VALUES (5, N'Mmadinare', 5)
INSERT [dbo].[Locations] ([Id], [Name], [DistrictId]) VALUES (6, N'Mmaphashalala', 5)
INSERT [dbo].[Locations] ([Id], [Name], [DistrictId]) VALUES (7, N'Mogorosi', 5)
INSERT [dbo].[Locations] ([Id], [Name], [DistrictId]) VALUES (8, N'Nata', 5)
INSERT [dbo].[Locations] ([Id], [Name], [DistrictId]) VALUES (9, N'Paje', 5)
INSERT [dbo].[Locations] ([Id], [Name], [DistrictId]) VALUES (10, N'Rakops', 5)
INSERT [dbo].[Locations] ([Id], [Name], [DistrictId]) VALUES (11, N'Sebina', 5)
INSERT [dbo].[Locations] ([Id], [Name], [DistrictId]) VALUES (12, N'Sefhare', 5)
INSERT [dbo].[Locations] ([Id], [Name], [DistrictId]) VALUES (13, N'Serowe', 5)
INSERT [dbo].[Locations] ([Id], [Name], [DistrictId]) VALUES (14, N'Palapye', 5)
INSERT [dbo].[Locations] ([Id], [Name], [DistrictId]) VALUES (15, N'Shoshong', 5)
INSERT [dbo].[Locations] ([Id], [Name], [DistrictId]) VALUES (16, N'Taupye', 5)
INSERT [dbo].[Locations] ([Id], [Name], [DistrictId]) VALUES (17, N'Tonota', 5)
INSERT [dbo].[Locations] ([Id], [Name], [DistrictId]) VALUES (18, N'Tutume', 5)
INSERT [dbo].[Locations] ([Id], [Name], [DistrictId]) VALUES (19, N'Charleshill', 9)
INSERT [dbo].[Locations] ([Id], [Name], [DistrictId]) VALUES (20, N'Ghanzi', 9)
INSERT [dbo].[Locations] ([Id], [Name], [DistrictId]) VALUES (21, N'Hukuntsi', 10)
INSERT [dbo].[Locations] ([Id], [Name], [DistrictId]) VALUES (22, N'Kang', 10)
INSERT [dbo].[Locations] ([Id], [Name], [DistrictId]) VALUES (23, N'Tshabong', 10)
INSERT [dbo].[Locations] ([Id], [Name], [DistrictId]) VALUES (24, N'Mmathubudukwane', 4)
INSERT [dbo].[Locations] ([Id], [Name], [DistrictId]) VALUES (25, N'Mochudi', 4)
INSERT [dbo].[Locations] ([Id], [Name], [DistrictId]) VALUES (26, N'Letlhakeng', 3)
INSERT [dbo].[Locations] ([Id], [Name], [DistrictId]) VALUES (27, N'Molepolole', 3)
INSERT [dbo].[Locations] ([Id], [Name], [DistrictId]) VALUES (28, N'Francistown', 6)
INSERT [dbo].[Locations] ([Id], [Name], [DistrictId]) VALUES (29, N'Masunga', 6)
INSERT [dbo].[Locations] ([Id], [Name], [DistrictId]) VALUES (30, N'Ngamiland East', 7)
INSERT [dbo].[Locations] ([Id], [Name], [DistrictId]) VALUES (31, N'Ngamiland West', 7)
INSERT [dbo].[Locations] ([Id], [Name], [DistrictId]) VALUES (32, N'Okavango', 7)
INSERT [dbo].[Locations] ([Id], [Name], [DistrictId]) VALUES (33, N'Mogobane', 2)
INSERT [dbo].[Locations] ([Id], [Name], [DistrictId]) VALUES (34, N'Gaborone', 2)
INSERT [dbo].[Locations] ([Id], [Name], [DistrictId]) VALUES (35, N'Otse', 2)
INSERT [dbo].[Locations] ([Id], [Name], [DistrictId]) VALUES (36, N'Ramotswa', 2)
INSERT [dbo].[Locations] ([Id], [Name], [DistrictId]) VALUES (37, N'Tlokweng', 2)
INSERT [dbo].[Locations] ([Id], [Name], [DistrictId]) VALUES (38, N'Goodhope', 1)
INSERT [dbo].[Locations] ([Id], [Name], [DistrictId]) VALUES (39, N'Jwaneng', 1)
INSERT [dbo].[Locations] ([Id], [Name], [DistrictId]) VALUES (40, N'Kanye', 1)
INSERT [dbo].[Locations] ([Id], [Name], [DistrictId]) VALUES (41, N'Mabutsane', 1)
INSERT [dbo].[Locations] ([Id], [Name], [DistrictId]) VALUES (42, N'Moshupa', 1)
INSERT [dbo].[Locations] ([Id], [Name], [DistrictId]) VALUES (43, N'Bokaa', 4)
INSERT [dbo].[Locations] ([Id], [Name], [DistrictId]) VALUES (44, N'Metsimotlhabe', 3)
INSERT [dbo].[Locations] ([Id], [Name], [DistrictId]) VALUES (45, N'Mmopane', 3)
INSERT [dbo].[Locations] ([Id], [Name], [DistrictId]) VALUES (46, N'Oodi', 4)
INSERT [dbo].[Locations] ([Id], [Name], [DistrictId]) VALUES (47, N'Rasesa', 4)
INSERT [dbo].[Locations] ([Id], [Name], [DistrictId]) VALUES (48, N'Thamaga', 3)
INSERT [dbo].[Locations] ([Id], [Name], [DistrictId]) VALUES (49, N'Sandveld', 5)
SET IDENTITY_INSERT [dbo].[Locations] OFF
INSERT [dbo].[Neighbourhoods] ([NeighbourhoodName], [LocationId]) VALUES (N'Flowertown', 4)
INSERT [dbo].[Neighbourhoods] ([NeighbourhoodName], [LocationId]) VALUES (N'Mere', 13)
INSERT [dbo].[Neighbourhoods] ([NeighbourhoodName], [LocationId]) VALUES (N'Morula', 13)
INSERT [dbo].[Neighbourhoods] ([NeighbourhoodName], [LocationId]) VALUES (N'matlhabana', 15)
INSERT [dbo].[Neighbourhoods] ([NeighbourhoodName], [LocationId]) VALUES (N'Lekgwapheng', 27)
INSERT [dbo].[Neighbourhoods] ([NeighbourhoodName], [LocationId]) VALUES (N'Mafenyatlala', 27)
INSERT [dbo].[Neighbourhoods] ([NeighbourhoodName], [LocationId]) VALUES (N'Mine stone', 28)
INSERT [dbo].[Neighbourhoods] ([NeighbourhoodName], [LocationId]) VALUES (N'Tati River', 28)
INSERT [dbo].[Neighbourhoods] ([NeighbourhoodName], [LocationId]) VALUES (N'BBS Mall', 33)
INSERT [dbo].[Neighbourhoods] ([NeighbourhoodName], [LocationId]) VALUES (N'block 3', 33)
INSERT [dbo].[Neighbourhoods] ([NeighbourhoodName], [LocationId]) VALUES (N'Block 4', 33)
INSERT [dbo].[Neighbourhoods] ([NeighbourhoodName], [LocationId]) VALUES (N'Block 5', 33)
INSERT [dbo].[Neighbourhoods] ([NeighbourhoodName], [LocationId]) VALUES (N'Block 6', 33)
INSERT [dbo].[Neighbourhoods] ([NeighbourhoodName], [LocationId]) VALUES (N'block 7', 33)
INSERT [dbo].[Neighbourhoods] ([NeighbourhoodName], [LocationId]) VALUES (N'block 8', 33)
INSERT [dbo].[Neighbourhoods] ([NeighbourhoodName], [LocationId]) VALUES (N'Block 9', 33)
INSERT [dbo].[Neighbourhoods] ([NeighbourhoodName], [LocationId]) VALUES (N'Broadhurst', 33)
INSERT [dbo].[Neighbourhoods] ([NeighbourhoodName], [LocationId]) VALUES (N'Commerce park', 33)
INSERT [dbo].[Neighbourhoods] ([NeighbourhoodName], [LocationId]) VALUES (N'Ext 12', 33)
INSERT [dbo].[Neighbourhoods] ([NeighbourhoodName], [LocationId]) VALUES (N'Ext 14', 33)
INSERT [dbo].[Neighbourhoods] ([NeighbourhoodName], [LocationId]) VALUES (N'Ext 19', 33)
INSERT [dbo].[Neighbourhoods] ([NeighbourhoodName], [LocationId]) VALUES (N'Ext 25', 33)
INSERT [dbo].[Neighbourhoods] ([NeighbourhoodName], [LocationId]) VALUES (N'Ext 9', 33)
INSERT [dbo].[Neighbourhoods] ([NeighbourhoodName], [LocationId]) VALUES (N'Gaborone', 33)
INSERT [dbo].[Neighbourhoods] ([NeighbourhoodName], [LocationId]) VALUES (N'Gaborone west', 33)
INSERT [dbo].[Neighbourhoods] ([NeighbourhoodName], [LocationId]) VALUES (N'Kgale view', 33)
INSERT [dbo].[Neighbourhoods] ([NeighbourhoodName], [LocationId]) VALUES (N'Mogoditshane', 33)
INSERT [dbo].[Neighbourhoods] ([NeighbourhoodName], [LocationId]) VALUES (N'Notwane', 33)
INSERT [dbo].[Neighbourhoods] ([NeighbourhoodName], [LocationId]) VALUES (N'Phakalane', 33)
INSERT [dbo].[Neighbourhoods] ([NeighbourhoodName], [LocationId]) VALUES (N'Phase 1', 33)
INSERT [dbo].[Neighbourhoods] ([NeighbourhoodName], [LocationId]) VALUES (N'Phase 2', 33)
INSERT [dbo].[Neighbourhoods] ([NeighbourhoodName], [LocationId]) VALUES (N'Phase 3', 33)
INSERT [dbo].[Neighbourhoods] ([NeighbourhoodName], [LocationId]) VALUES (N'Phase 4', 33)
INSERT [dbo].[Neighbourhoods] ([NeighbourhoodName], [LocationId]) VALUES (N'Tlokweng', 33)
INSERT [dbo].[Neighbourhoods] ([NeighbourhoodName], [LocationId]) VALUES (N'Tshweneng', 33)
INSERT [dbo].[Neighbourhoods] ([NeighbourhoodName], [LocationId]) VALUES (N'whitecity', 33)
INSERT [dbo].[Neighbourhoods] ([NeighbourhoodName], [LocationId]) VALUES (N'Boatle', 36)
INSERT [dbo].[Neighbourhoods] ([NeighbourhoodName], [LocationId]) VALUES (N'Lesetlhana', 36)
INSERT [dbo].[Neighbourhoods] ([NeighbourhoodName], [LocationId]) VALUES (N'Gaphatshwa', 43)
INSERT [dbo].[Neighbourhoods] ([NeighbourhoodName], [LocationId]) VALUES (N'Matebeleng', 45)
INSERT [dbo].[Neighbourhoods] ([NeighbourhoodName], [LocationId]) VALUES (N'Modipane', 45)
INSERT [dbo].[Neighbourhoods] ([NeighbourhoodName], [LocationId]) VALUES (N'West Extension', 46)
SET IDENTITY_INSERT [dbo].[Valuations] ON 

INSERT [dbo].[Valuations] ([Id], [LocationId], [PlotNo], [LandUse], [PropertyType], [ValuationType], [SizeUnitsTypeID], [Size], [ValuationDate], [ValuationAmount], [DifferentiatorNotes], [RequestProperties], [Source], [Host], [LocalityName], [RequestUri], [RequestDate]) VALUES (1, 4, N'2146/1195', NULL, NULL, N'DRC', 1, CAST(843.00 AS Decimal(18, 2)), CAST(N'2005-05-23T00:00:00.000' AS DateTime), CAST(165000.00 AS Decimal(18, 2)), N'1 bathroom,carport,no garage,s/quarter', NULL, NULL, NULL, N'flowertown', NULL, NULL)
INSERT [dbo].[Valuations] ([Id], [LocationId], [PlotNo], [LandUse], [PropertyType], [ValuationType], [SizeUnitsTypeID], [Size], [ValuationDate], [ValuationAmount], [DifferentiatorNotes], [RequestProperties], [Source], [Host], [LocalityName], [RequestUri], [RequestDate]) VALUES (2, 13, N'2193/44', NULL, NULL, N'DRC', 1, CAST(2374.00 AS Decimal(18, 2)), CAST(N'2005-10-17T00:00:00.000' AS DateTime), CAST(190000.00 AS Decimal(18, 2)), N'1 bathroom, no garage', NULL, NULL, NULL, N'morula ward', NULL, NULL)
INSERT [dbo].[Valuations] ([Id], [LocationId], [PlotNo], [LandUse], [PropertyType], [ValuationType], [SizeUnitsTypeID], [Size], [ValuationDate], [ValuationAmount], [DifferentiatorNotes], [RequestProperties], [Source], [Host], [LocalityName], [RequestUri], [RequestDate]) VALUES (3, 13, N'2243/224', NULL, NULL, N'Cost', 1, CAST(4298.00 AS Decimal(18, 2)), CAST(N'2006-06-23T00:00:00.000' AS DateTime), CAST(775000.00 AS Decimal(18, 2)), N'', NULL, NULL, NULL, N'mere ward', NULL, NULL)
INSERT [dbo].[Valuations] ([Id], [LocationId], [PlotNo], [LandUse], [PropertyType], [ValuationType], [SizeUnitsTypeID], [Size], [ValuationDate], [ValuationAmount], [DifferentiatorNotes], [RequestProperties], [Source], [Host], [LocalityName], [RequestUri], [RequestDate]) VALUES (4, 14, N'2229/9757', NULL, NULL, N'Cost', 1, CAST(1034.00 AS Decimal(18, 2)), CAST(N'2005-01-21T00:00:00.000' AS DateTime), CAST(310000.00 AS Decimal(18, 2)), N'', NULL, NULL, NULL, N'', NULL, NULL)
INSERT [dbo].[Valuations] ([Id], [LocationId], [PlotNo], [LandUse], [PropertyType], [ValuationType], [SizeUnitsTypeID], [Size], [ValuationDate], [ValuationAmount], [DifferentiatorNotes], [RequestProperties], [Source], [Host], [LocalityName], [RequestUri], [RequestDate]) VALUES (5, 15, N'2192/45', NULL, NULL, N'DRC', 1, CAST(1638.00 AS Decimal(18, 2)), CAST(N'2005-07-08T00:00:00.000' AS DateTime), CAST(220000.00 AS Decimal(18, 2)), N'', NULL, NULL, NULL, N'matlhabana', NULL, NULL)
INSERT [dbo].[Valuations] ([Id], [LocationId], [PlotNo], [LandUse], [PropertyType], [ValuationType], [SizeUnitsTypeID], [Size], [ValuationDate], [ValuationAmount], [DifferentiatorNotes], [RequestProperties], [Source], [Host], [LocalityName], [RequestUri], [RequestDate]) VALUES (6, 25, N'2183', NULL, NULL, N'DRC', 1, CAST(2233.00 AS Decimal(18, 2)), CAST(N'2013-06-25T00:00:00.000' AS DateTime), CAST(610000.00 AS Decimal(18, 2)), N'no garage', NULL, NULL, NULL, N'', NULL, NULL)
INSERT [dbo].[Valuations] ([Id], [LocationId], [PlotNo], [LandUse], [PropertyType], [ValuationType], [SizeUnitsTypeID], [Size], [ValuationDate], [ValuationAmount], [DifferentiatorNotes], [RequestProperties], [Source], [Host], [LocalityName], [RequestUri], [RequestDate]) VALUES (7, 25, N'2217/2707', NULL, NULL, N'DRC', 1, CAST(1104.00 AS Decimal(18, 2)), CAST(N'2010-09-20T00:00:00.000' AS DateTime), CAST(650000.00 AS Decimal(18, 2)), N'no garag,cottage', NULL, NULL, NULL, N'', NULL, NULL)
INSERT [dbo].[Valuations] ([Id], [LocationId], [PlotNo], [LandUse], [PropertyType], [ValuationType], [SizeUnitsTypeID], [Size], [ValuationDate], [ValuationAmount], [DifferentiatorNotes], [RequestProperties], [Source], [Host], [LocalityName], [RequestUri], [RequestDate]) VALUES (8, 27, N'2214/1930', NULL, NULL, N'DRC', 1, CAST(974.00 AS Decimal(18, 2)), CAST(N'2012-09-08T00:00:00.000' AS DateTime), CAST(150000.00 AS Decimal(18, 2)), N'', NULL, NULL, NULL, N'lekgwapheng ward', NULL, NULL)
INSERT [dbo].[Valuations] ([Id], [LocationId], [PlotNo], [LandUse], [PropertyType], [ValuationType], [SizeUnitsTypeID], [Size], [ValuationDate], [ValuationAmount], [DifferentiatorNotes], [RequestProperties], [Source], [Host], [LocalityName], [RequestUri], [RequestDate]) VALUES (9, 27, N'2214/661', NULL, NULL, N'cost', 1, CAST(1842.00 AS Decimal(18, 2)), CAST(N'2012-07-23T00:00:00.000' AS DateTime), CAST(230000.00 AS Decimal(18, 2)), N'', NULL, NULL, NULL, N'mafenyatlala ward', NULL, NULL)
INSERT [dbo].[Valuations] ([Id], [LocationId], [PlotNo], [LandUse], [PropertyType], [ValuationType], [SizeUnitsTypeID], [Size], [ValuationDate], [ValuationAmount], [DifferentiatorNotes], [RequestProperties], [Source], [Host], [LocalityName], [RequestUri], [RequestDate]) VALUES (10, 28, N'2133', NULL, NULL, N'Residual', 1, CAST(794.00 AS Decimal(18, 2)), CAST(N'2005-08-26T00:00:00.000' AS DateTime), CAST(745000.00 AS Decimal(18, 2)), N'', NULL, NULL, NULL, N'Tati river south', NULL, NULL)
INSERT [dbo].[Valuations] ([Id], [LocationId], [PlotNo], [LandUse], [PropertyType], [ValuationType], [SizeUnitsTypeID], [Size], [ValuationDate], [ValuationAmount], [DifferentiatorNotes], [RequestProperties], [Source], [Host], [LocalityName], [RequestUri], [RequestDate]) VALUES (11, 28, N'2136/1399', NULL, NULL, N'DRC', 1, CAST(651.00 AS Decimal(18, 2)), CAST(N'2005-03-08T00:00:00.000' AS DateTime), CAST(205000.00 AS Decimal(18, 2)), N'1 batroom, servant squater', NULL, NULL, NULL, N'Mine stone', NULL, NULL)
INSERT [dbo].[Valuations] ([Id], [LocationId], [PlotNo], [LandUse], [PropertyType], [ValuationType], [SizeUnitsTypeID], [Size], [ValuationDate], [ValuationAmount], [DifferentiatorNotes], [RequestProperties], [Source], [Host], [LocalityName], [RequestUri], [RequestDate]) VALUES (12, 33, N'2131/37872', NULL, NULL, N'DRC', 1, CAST(600.00 AS Decimal(18, 2)), CAST(N'2005-02-08T00:00:00.000' AS DateTime), CAST(375000.00 AS Decimal(18, 2)), N'servant squarter, car port,no garage', NULL, NULL, NULL, N'Block 6', NULL, NULL)
INSERT [dbo].[Valuations] ([Id], [LocationId], [PlotNo], [LandUse], [PropertyType], [ValuationType], [SizeUnitsTypeID], [Size], [ValuationDate], [ValuationAmount], [DifferentiatorNotes], [RequestProperties], [Source], [Host], [LocalityName], [RequestUri], [RequestDate]) VALUES (13, 33, N'2132', NULL, NULL, N'DRC', 1, CAST(781.00 AS Decimal(18, 2)), CAST(N'2005-07-26T00:00:00.000' AS DateTime), CAST(365000.00 AS Decimal(18, 2)), N'servant squarter, car port,no garage', NULL, NULL, NULL, N'Block 5', NULL, NULL)
INSERT [dbo].[Valuations] ([Id], [LocationId], [PlotNo], [LandUse], [PropertyType], [ValuationType], [SizeUnitsTypeID], [Size], [ValuationDate], [ValuationAmount], [DifferentiatorNotes], [RequestProperties], [Source], [Host], [LocalityName], [RequestUri], [RequestDate]) VALUES (14, 33, N'2137/27813', NULL, NULL, N'DRC', 1, CAST(600.00 AS Decimal(18, 2)), CAST(N'2009-08-29T00:00:00.000' AS DateTime), CAST(440000.00 AS Decimal(18, 2)), N'no garage', NULL, NULL, NULL, N'Block 3', NULL, NULL)
INSERT [dbo].[Valuations] ([Id], [LocationId], [PlotNo], [LandUse], [PropertyType], [ValuationType], [SizeUnitsTypeID], [Size], [ValuationDate], [ValuationAmount], [DifferentiatorNotes], [RequestProperties], [Source], [Host], [LocalityName], [RequestUri], [RequestDate]) VALUES (15, 33, N'2137/27818', NULL, NULL, N'DRC', 1, CAST(406.00 AS Decimal(18, 2)), CAST(N'2011-10-19T00:00:00.000' AS DateTime), CAST(880000.00 AS Decimal(18, 2)), N'servant squarter', NULL, NULL, NULL, N'Block 3', NULL, NULL)
INSERT [dbo].[Valuations] ([Id], [LocationId], [PlotNo], [LandUse], [PropertyType], [ValuationType], [SizeUnitsTypeID], [Size], [ValuationDate], [ValuationAmount], [DifferentiatorNotes], [RequestProperties], [Source], [Host], [LocalityName], [RequestUri], [RequestDate]) VALUES (16, 33, N'2139/4368', NULL, NULL, N'DRC', 1, CAST(594.00 AS Decimal(18, 2)), CAST(N'2005-08-17T00:00:00.000' AS DateTime), CAST(370000.00 AS Decimal(18, 2)), N'', NULL, NULL, NULL, N'Ex 14 Bontleng', NULL, NULL)
INSERT [dbo].[Valuations] ([Id], [LocationId], [PlotNo], [LandUse], [PropertyType], [ValuationType], [SizeUnitsTypeID], [Size], [ValuationDate], [ValuationAmount], [DifferentiatorNotes], [RequestProperties], [Source], [Host], [LocalityName], [RequestUri], [RequestDate]) VALUES (17, 33, N'2140/93', NULL, NULL, N'DRC', 1, CAST(417.00 AS Decimal(18, 2)), CAST(N'2005-01-09T00:00:00.000' AS DateTime), CAST(780000.00 AS Decimal(18, 2)), N'', NULL, NULL, NULL, N'Commerce park', NULL, NULL)
INSERT [dbo].[Valuations] ([Id], [LocationId], [PlotNo], [LandUse], [PropertyType], [ValuationType], [SizeUnitsTypeID], [Size], [ValuationDate], [ValuationAmount], [DifferentiatorNotes], [RequestProperties], [Source], [Host], [LocalityName], [RequestUri], [RequestDate]) VALUES (18, 33, N'2142/28346', NULL, NULL, N'DRC', 1, CAST(405.00 AS Decimal(18, 2)), CAST(N'2005-08-24T00:00:00.000' AS DateTime), CAST(70000.00 AS Decimal(18, 2)), N'', NULL, NULL, NULL, N'Block 3', NULL, NULL)
INSERT [dbo].[Valuations] ([Id], [LocationId], [PlotNo], [LandUse], [PropertyType], [ValuationType], [SizeUnitsTypeID], [Size], [ValuationDate], [ValuationAmount], [DifferentiatorNotes], [RequestProperties], [Source], [Host], [LocalityName], [RequestUri], [RequestDate]) VALUES (19, 33, N'2147/21929', NULL, NULL, N'DRC', 1, CAST(840.00 AS Decimal(18, 2)), CAST(N'2005-06-07T00:00:00.000' AS DateTime), CAST(2250000.00 AS Decimal(18, 2)), N'two storey  building with reception and ofices', NULL, NULL, NULL, N'BBS Mall', NULL, NULL)
INSERT [dbo].[Valuations] ([Id], [LocationId], [PlotNo], [LandUse], [PropertyType], [ValuationType], [SizeUnitsTypeID], [Size], [ValuationDate], [ValuationAmount], [DifferentiatorNotes], [RequestProperties], [Source], [Host], [LocalityName], [RequestUri], [RequestDate]) VALUES (20, 33, N'2150/19753', NULL, NULL, N'DRC', 1, CAST(450.00 AS Decimal(18, 2)), CAST(N'2005-12-07T00:00:00.000' AS DateTime), CAST(385000.00 AS Decimal(18, 2)), N'Two units', NULL, NULL, NULL, N'Phase 2', NULL, NULL)
INSERT [dbo].[Valuations] ([Id], [LocationId], [PlotNo], [LandUse], [PropertyType], [ValuationType], [SizeUnitsTypeID], [Size], [ValuationDate], [ValuationAmount], [DifferentiatorNotes], [RequestProperties], [Source], [Host], [LocalityName], [RequestUri], [RequestDate]) VALUES (21, 33, N'2151/1335', NULL, NULL, N'DRC', 1, CAST(548.00 AS Decimal(18, 2)), CAST(N'2011-08-09T00:00:00.000' AS DateTime), CAST(410000.00 AS Decimal(18, 2)), N'1 bathroom, no garage', NULL, NULL, NULL, N'whitecity', NULL, NULL)
INSERT [dbo].[Valuations] ([Id], [LocationId], [PlotNo], [LandUse], [PropertyType], [ValuationType], [SizeUnitsTypeID], [Size], [ValuationDate], [ValuationAmount], [DifferentiatorNotes], [RequestProperties], [Source], [Host], [LocalityName], [RequestUri], [RequestDate]) VALUES (22, 33, N'2152/3320', NULL, NULL, N'DRC', 1, CAST(526.00 AS Decimal(18, 2)), CAST(N'2005-08-30T00:00:00.000' AS DateTime), CAST(400000.00 AS Decimal(18, 2)), N'1 bathroom, s/quarter', NULL, NULL, NULL, N'Ext 12', NULL, NULL)
INSERT [dbo].[Valuations] ([Id], [LocationId], [PlotNo], [LandUse], [PropertyType], [ValuationType], [SizeUnitsTypeID], [Size], [ValuationDate], [ValuationAmount], [DifferentiatorNotes], [RequestProperties], [Source], [Host], [LocalityName], [RequestUri], [RequestDate]) VALUES (23, 33, N'2152/3320', NULL, NULL, N'DRC', 1, CAST(526.00 AS Decimal(18, 2)), CAST(N'2013-04-06T00:00:00.000' AS DateTime), CAST(1250000.00 AS Decimal(18, 2)), N'Maids quarter', NULL, NULL, NULL, N'Ext 12', NULL, NULL)
INSERT [dbo].[Valuations] ([Id], [LocationId], [PlotNo], [LandUse], [PropertyType], [ValuationType], [SizeUnitsTypeID], [Size], [ValuationDate], [ValuationAmount], [DifferentiatorNotes], [RequestProperties], [Source], [Host], [LocalityName], [RequestUri], [RequestDate]) VALUES (24, 33, N'2152/3402', NULL, NULL, N'DRC', 1, CAST(943.00 AS Decimal(18, 2)), CAST(N'2013-12-03T00:00:00.000' AS DateTime), CAST(1150000.00 AS Decimal(18, 2)), N'', NULL, NULL, NULL, N'Ext 12', NULL, NULL)
INSERT [dbo].[Valuations] ([Id], [LocationId], [PlotNo], [LandUse], [PropertyType], [ValuationType], [SizeUnitsTypeID], [Size], [ValuationDate], [ValuationAmount], [DifferentiatorNotes], [RequestProperties], [Source], [Host], [LocalityName], [RequestUri], [RequestDate]) VALUES (25, 33, N'2157/22479', NULL, NULL, N'DRC', 1, CAST(450.00 AS Decimal(18, 2)), CAST(N'2005-08-14T00:00:00.000' AS DateTime), CAST(350000.00 AS Decimal(18, 2)), N'no garage', NULL, NULL, NULL, N'Phase 4', NULL, NULL)
INSERT [dbo].[Valuations] ([Id], [LocationId], [PlotNo], [LandUse], [PropertyType], [ValuationType], [SizeUnitsTypeID], [Size], [ValuationDate], [ValuationAmount], [DifferentiatorNotes], [RequestProperties], [Source], [Host], [LocalityName], [RequestUri], [RequestDate]) VALUES (26, 33, N'2160/16805', NULL, NULL, N'DRC', 1, CAST(789.00 AS Decimal(18, 2)), CAST(N'2005-09-20T00:00:00.000' AS DateTime), CAST(690000.00 AS Decimal(18, 2)), N'2bathrooms, s/quarter', NULL, NULL, NULL, N'Phase1', NULL, NULL)
INSERT [dbo].[Valuations] ([Id], [LocationId], [PlotNo], [LandUse], [PropertyType], [ValuationType], [SizeUnitsTypeID], [Size], [ValuationDate], [ValuationAmount], [DifferentiatorNotes], [RequestProperties], [Source], [Host], [LocalityName], [RequestUri], [RequestDate]) VALUES (27, 33, N'2164/7964', NULL, NULL, N'DRC', 1, CAST(881.00 AS Decimal(18, 2)), CAST(N'2005-09-23T00:00:00.000' AS DateTime), CAST(520000.00 AS Decimal(18, 2)), N'no garage', NULL, NULL, NULL, N'Ext 25', NULL, NULL)
INSERT [dbo].[Valuations] ([Id], [LocationId], [PlotNo], [LandUse], [PropertyType], [ValuationType], [SizeUnitsTypeID], [Size], [ValuationDate], [ValuationAmount], [DifferentiatorNotes], [RequestProperties], [Source], [Host], [LocalityName], [RequestUri], [RequestDate]) VALUES (28, 33, N'2167/49971', NULL, NULL, N'DRC', 1, CAST(2122.00 AS Decimal(18, 2)), CAST(N'2012-01-11T00:00:00.000' AS DateTime), CAST(1650000.00 AS Decimal(18, 2)), N'', NULL, NULL, NULL, N'Block 5', NULL, NULL)
INSERT [dbo].[Valuations] ([Id], [LocationId], [PlotNo], [LandUse], [PropertyType], [ValuationType], [SizeUnitsTypeID], [Size], [ValuationDate], [ValuationAmount], [DifferentiatorNotes], [RequestProperties], [Source], [Host], [LocalityName], [RequestUri], [RequestDate]) VALUES (29, 33, N'2170/27779', NULL, NULL, N'Income aproach', 1, CAST(596.00 AS Decimal(18, 2)), CAST(N'2009-09-11T00:00:00.000' AS DateTime), CAST(850000.00 AS Decimal(18, 2)), N'', NULL, NULL, NULL, N'', NULL, NULL)
INSERT [dbo].[Valuations] ([Id], [LocationId], [PlotNo], [LandUse], [PropertyType], [ValuationType], [SizeUnitsTypeID], [Size], [ValuationDate], [ValuationAmount], [DifferentiatorNotes], [RequestProperties], [Source], [Host], [LocalityName], [RequestUri], [RequestDate]) VALUES (30, 33, N'2170/4340', NULL, NULL, N'DRC', 1, CAST(535.00 AS Decimal(18, 2)), CAST(N'2013-01-28T00:00:00.000' AS DateTime), CAST(685000.00 AS Decimal(18, 2)), N'', NULL, NULL, NULL, N'Ext 14', NULL, NULL)
INSERT [dbo].[Valuations] ([Id], [LocationId], [PlotNo], [LandUse], [PropertyType], [ValuationType], [SizeUnitsTypeID], [Size], [ValuationDate], [ValuationAmount], [DifferentiatorNotes], [RequestProperties], [Source], [Host], [LocalityName], [RequestUri], [RequestDate]) VALUES (31, 33, N'2171/5588', NULL, NULL, N'DRC', 1, CAST(869.00 AS Decimal(18, 2)), CAST(N'2012-11-10T00:00:00.000' AS DateTime), CAST(900000.00 AS Decimal(18, 2)), N'', NULL, NULL, NULL, N'Tlokweng', NULL, NULL)
INSERT [dbo].[Valuations] ([Id], [LocationId], [PlotNo], [LandUse], [PropertyType], [ValuationType], [SizeUnitsTypeID], [Size], [ValuationDate], [ValuationAmount], [DifferentiatorNotes], [RequestProperties], [Source], [Host], [LocalityName], [RequestUri], [RequestDate]) VALUES (32, 33, N'2175/16495', NULL, NULL, N'DRC', 1, CAST(600.00 AS Decimal(18, 2)), CAST(N'2006-01-10T00:00:00.000' AS DateTime), CAST(350000.00 AS Decimal(18, 2)), N's/quarter', NULL, NULL, NULL, N'Phase 1', NULL, NULL)
INSERT [dbo].[Valuations] ([Id], [LocationId], [PlotNo], [LandUse], [PropertyType], [ValuationType], [SizeUnitsTypeID], [Size], [ValuationDate], [ValuationAmount], [DifferentiatorNotes], [RequestProperties], [Source], [Host], [LocalityName], [RequestUri], [RequestDate]) VALUES (33, 33, N'2180/23785', NULL, NULL, N'DRC', 1, CAST(692.00 AS Decimal(18, 2)), CAST(N'2012-06-12T00:00:00.000' AS DateTime), CAST(1000000.00 AS Decimal(18, 2)), N's/quarter', NULL, NULL, NULL, N'Phase 4', NULL, NULL)
INSERT [dbo].[Valuations] ([Id], [LocationId], [PlotNo], [LandUse], [PropertyType], [ValuationType], [SizeUnitsTypeID], [Size], [ValuationDate], [ValuationAmount], [DifferentiatorNotes], [RequestProperties], [Source], [Host], [LocalityName], [RequestUri], [RequestDate]) VALUES (34, 33, N'2183/24178', NULL, NULL, N'DRC', 1, CAST(600.00 AS Decimal(18, 2)), CAST(N'2012-07-08T00:00:00.000' AS DateTime), CAST(840000.00 AS Decimal(18, 2)), N'1 bathroom,carport,no garage,s/quarter', NULL, NULL, NULL, N'Gaborone west', NULL, NULL)
INSERT [dbo].[Valuations] ([Id], [LocationId], [PlotNo], [LandUse], [PropertyType], [ValuationType], [SizeUnitsTypeID], [Size], [ValuationDate], [ValuationAmount], [DifferentiatorNotes], [RequestProperties], [Source], [Host], [LocalityName], [RequestUri], [RequestDate]) VALUES (35, 33, N'2183/24181', NULL, NULL, N'DRC', 1, CAST(618.00 AS Decimal(18, 2)), CAST(N'2005-10-14T00:00:00.000' AS DateTime), CAST(260000.00 AS Decimal(18, 2)), N'1 bathroom,carport,no garage,s/quarter', NULL, NULL, NULL, N'Gaborone west', NULL, NULL)
INSERT [dbo].[Valuations] ([Id], [LocationId], [PlotNo], [LandUse], [PropertyType], [ValuationType], [SizeUnitsTypeID], [Size], [ValuationDate], [ValuationAmount], [DifferentiatorNotes], [RequestProperties], [Source], [Host], [LocalityName], [RequestUri], [RequestDate]) VALUES (36, 33, N'2184/24022', NULL, NULL, N'Income aproach', 1, CAST(480.00 AS Decimal(18, 2)), CAST(N'2009-09-17T00:00:00.000' AS DateTime), CAST(275000.00 AS Decimal(18, 2)), N'1bathroom, no garage', NULL, NULL, NULL, N'Gaborone', NULL, NULL)
INSERT [dbo].[Valuations] ([Id], [LocationId], [PlotNo], [LandUse], [PropertyType], [ValuationType], [SizeUnitsTypeID], [Size], [ValuationDate], [ValuationAmount], [DifferentiatorNotes], [RequestProperties], [Source], [Host], [LocalityName], [RequestUri], [RequestDate]) VALUES (37, 33, N'2184/51024', NULL, NULL, N'Cost', 1, CAST(432.00 AS Decimal(18, 2)), CAST(N'2009-08-25T00:00:00.000' AS DateTime), CAST(450000.00 AS Decimal(18, 2)), N'no garage', NULL, NULL, NULL, N'Kgale view', NULL, NULL)
INSERT [dbo].[Valuations] ([Id], [LocationId], [PlotNo], [LandUse], [PropertyType], [ValuationType], [SizeUnitsTypeID], [Size], [ValuationDate], [ValuationAmount], [DifferentiatorNotes], [RequestProperties], [Source], [Host], [LocalityName], [RequestUri], [RequestDate]) VALUES (38, 33, N'2185/39590', NULL, NULL, N'DRC', 1, CAST(428.00 AS Decimal(18, 2)), CAST(N'2005-10-23T00:00:00.000' AS DateTime), CAST(280000.00 AS Decimal(18, 2)), N'1 bathroom', NULL, NULL, NULL, N'block 6', NULL, NULL)
INSERT [dbo].[Valuations] ([Id], [LocationId], [PlotNo], [LandUse], [PropertyType], [ValuationType], [SizeUnitsTypeID], [Size], [ValuationDate], [ValuationAmount], [DifferentiatorNotes], [RequestProperties], [Source], [Host], [LocalityName], [RequestUri], [RequestDate]) VALUES (39, 33, N'2186/16912', NULL, NULL, N'DRC', 1, CAST(465.00 AS Decimal(18, 2)), CAST(N'2012-03-12T00:00:00.000' AS DateTime), CAST(410000.00 AS Decimal(18, 2)), N'1 bathroom,carport,no garage,s/quarter', NULL, NULL, NULL, N'Phase 1', NULL, NULL)
INSERT [dbo].[Valuations] ([Id], [LocationId], [PlotNo], [LandUse], [PropertyType], [ValuationType], [SizeUnitsTypeID], [Size], [ValuationDate], [ValuationAmount], [DifferentiatorNotes], [RequestProperties], [Source], [Host], [LocalityName], [RequestUri], [RequestDate]) VALUES (40, 33, N'2189/58807', NULL, NULL, N'DRC', 1, CAST(299.00 AS Decimal(18, 2)), CAST(N'2012-03-11T00:00:00.000' AS DateTime), CAST(470000.00 AS Decimal(18, 2)), N'', NULL, NULL, NULL, N'block 7', NULL, NULL)
INSERT [dbo].[Valuations] ([Id], [LocationId], [PlotNo], [LandUse], [PropertyType], [ValuationType], [SizeUnitsTypeID], [Size], [ValuationDate], [ValuationAmount], [DifferentiatorNotes], [RequestProperties], [Source], [Host], [LocalityName], [RequestUri], [RequestDate]) VALUES (41, 33, N'2191/32266', NULL, NULL, N'DRC', 1, CAST(612.00 AS Decimal(18, 2)), CAST(N'2009-11-02T00:00:00.000' AS DateTime), CAST(1300000.00 AS Decimal(18, 2)), N'', NULL, NULL, NULL, N'', NULL, NULL)
INSERT [dbo].[Valuations] ([Id], [LocationId], [PlotNo], [LandUse], [PropertyType], [ValuationType], [SizeUnitsTypeID], [Size], [ValuationDate], [ValuationAmount], [DifferentiatorNotes], [RequestProperties], [Source], [Host], [LocalityName], [RequestUri], [RequestDate]) VALUES (42, 33, N'2191/33257', NULL, NULL, N'DRC', 1, CAST(621.00 AS Decimal(18, 2)), CAST(N'2005-10-27T00:00:00.000' AS DateTime), CAST(900000.00 AS Decimal(18, 2)), N'', NULL, NULL, NULL, N'phakalane', NULL, NULL)
INSERT [dbo].[Valuations] ([Id], [LocationId], [PlotNo], [LandUse], [PropertyType], [ValuationType], [SizeUnitsTypeID], [Size], [ValuationDate], [ValuationAmount], [DifferentiatorNotes], [RequestProperties], [Source], [Host], [LocalityName], [RequestUri], [RequestDate]) VALUES (43, 33, N'2191/5278', NULL, NULL, N'DRC', 1, CAST(1161.00 AS Decimal(18, 2)), CAST(N'2009-06-08T00:00:00.000' AS DateTime), CAST(1350000.00 AS Decimal(18, 2)), N'', NULL, NULL, NULL, N'', NULL, NULL)
INSERT [dbo].[Valuations] ([Id], [LocationId], [PlotNo], [LandUse], [PropertyType], [ValuationType], [SizeUnitsTypeID], [Size], [ValuationDate], [ValuationAmount], [DifferentiatorNotes], [RequestProperties], [Source], [Host], [LocalityName], [RequestUri], [RequestDate]) VALUES (44, 33, N'2191/53765', NULL, NULL, N'DRC', 1, CAST(1181.00 AS Decimal(18, 2)), CAST(N'2007-07-24T00:00:00.000' AS DateTime), CAST(2200000.00 AS Decimal(18, 2)), N'no garage', NULL, NULL, NULL, N'', NULL, NULL)
INSERT [dbo].[Valuations] ([Id], [LocationId], [PlotNo], [LandUse], [PropertyType], [ValuationType], [SizeUnitsTypeID], [Size], [ValuationDate], [ValuationAmount], [DifferentiatorNotes], [RequestProperties], [Source], [Host], [LocalityName], [RequestUri], [RequestDate]) VALUES (45, 33, N'2195/37129', NULL, NULL, N'DRC', 1, CAST(607.00 AS Decimal(18, 2)), CAST(N'2005-11-07T00:00:00.000' AS DateTime), CAST(400000.00 AS Decimal(18, 2)), N'', NULL, NULL, NULL, N'Block 8', NULL, NULL)
INSERT [dbo].[Valuations] ([Id], [LocationId], [PlotNo], [LandUse], [PropertyType], [ValuationType], [SizeUnitsTypeID], [Size], [ValuationDate], [ValuationAmount], [DifferentiatorNotes], [RequestProperties], [Source], [Host], [LocalityName], [RequestUri], [RequestDate]) VALUES (46, 33, N'2195/37129', NULL, NULL, N'DRC', 1, CAST(607.00 AS Decimal(18, 2)), CAST(N'2010-09-22T00:00:00.000' AS DateTime), CAST(880000.00 AS Decimal(18, 2)), N'', NULL, NULL, NULL, N'block 8', NULL, NULL)
INSERT [dbo].[Valuations] ([Id], [LocationId], [PlotNo], [LandUse], [PropertyType], [ValuationType], [SizeUnitsTypeID], [Size], [ValuationDate], [ValuationAmount], [DifferentiatorNotes], [RequestProperties], [Source], [Host], [LocalityName], [RequestUri], [RequestDate]) VALUES (47, 33, N'2196/336', NULL, NULL, N'investment', 1, CAST(5156.00 AS Decimal(18, 2)), CAST(N'1900-01-01T00:00:00.000' AS DateTime), CAST(700000.00 AS Decimal(18, 2)), N'', NULL, NULL, NULL, N'mogoditshane', NULL, NULL)
INSERT [dbo].[Valuations] ([Id], [LocationId], [PlotNo], [LandUse], [PropertyType], [ValuationType], [SizeUnitsTypeID], [Size], [ValuationDate], [ValuationAmount], [DifferentiatorNotes], [RequestProperties], [Source], [Host], [LocalityName], [RequestUri], [RequestDate]) VALUES (48, 33, N'2197/22270', NULL, NULL, N'investment', 1, CAST(1200.00 AS Decimal(18, 2)), CAST(N'2010-01-29T00:00:00.000' AS DateTime), CAST(800000.00 AS Decimal(18, 2)), N'', NULL, NULL, NULL, N'phase 4', NULL, NULL)
INSERT [dbo].[Valuations] ([Id], [LocationId], [PlotNo], [LandUse], [PropertyType], [ValuationType], [SizeUnitsTypeID], [Size], [ValuationDate], [ValuationAmount], [DifferentiatorNotes], [RequestProperties], [Source], [Host], [LocalityName], [RequestUri], [RequestDate]) VALUES (49, 33, N'2197/5228', NULL, NULL, N'DRC', 1, CAST(1338.00 AS Decimal(18, 2)), CAST(N'2006-06-28T00:00:00.000' AS DateTime), CAST(700000.00 AS Decimal(18, 2)), N'', NULL, NULL, NULL, N'ext 9', NULL, NULL)
INSERT [dbo].[Valuations] ([Id], [LocationId], [PlotNo], [LandUse], [PropertyType], [ValuationType], [SizeUnitsTypeID], [Size], [ValuationDate], [ValuationAmount], [DifferentiatorNotes], [RequestProperties], [Source], [Host], [LocalityName], [RequestUri], [RequestDate]) VALUES (50, 33, N'2199/17627', NULL, NULL, N'DRC', 1, CAST(662.00 AS Decimal(18, 2)), CAST(N'2009-05-25T00:00:00.000' AS DateTime), CAST(650000.00 AS Decimal(18, 2)), N'', NULL, NULL, NULL, N'phase1', NULL, NULL)
INSERT [dbo].[Valuations] ([Id], [LocationId], [PlotNo], [LandUse], [PropertyType], [ValuationType], [SizeUnitsTypeID], [Size], [ValuationDate], [ValuationAmount], [DifferentiatorNotes], [RequestProperties], [Source], [Host], [LocalityName], [RequestUri], [RequestDate]) VALUES (51, 33, N'2199/51047', NULL, NULL, N'investment', 1, CAST(702.00 AS Decimal(18, 2)), CAST(N'2009-05-25T00:00:00.000' AS DateTime), CAST(710000.00 AS Decimal(18, 2)), N'', NULL, NULL, NULL, N'block 5', NULL, NULL)
INSERT [dbo].[Valuations] ([Id], [LocationId], [PlotNo], [LandUse], [PropertyType], [ValuationType], [SizeUnitsTypeID], [Size], [ValuationDate], [ValuationAmount], [DifferentiatorNotes], [RequestProperties], [Source], [Host], [LocalityName], [RequestUri], [RequestDate]) VALUES (52, 33, N'2200/32223', NULL, NULL, N'DRC', 1, CAST(612.00 AS Decimal(18, 2)), CAST(N'2005-11-05T00:00:00.000' AS DateTime), CAST(1100000.00 AS Decimal(18, 2)), N's/quarter, swimming pool', NULL, NULL, NULL, N'phakalane', NULL, NULL)
INSERT [dbo].[Valuations] ([Id], [LocationId], [PlotNo], [LandUse], [PropertyType], [ValuationType], [SizeUnitsTypeID], [Size], [ValuationDate], [ValuationAmount], [DifferentiatorNotes], [RequestProperties], [Source], [Host], [LocalityName], [RequestUri], [RequestDate]) VALUES (53, 33, N'2200/53651', NULL, NULL, N'DRC', 1, CAST(1220.00 AS Decimal(18, 2)), CAST(N'2005-10-26T00:00:00.000' AS DateTime), CAST(1260000.00 AS Decimal(18, 2)), N's/quarter, swimming pool', NULL, NULL, NULL, N'phakalane', NULL, NULL)
INSERT [dbo].[Valuations] ([Id], [LocationId], [PlotNo], [LandUse], [PropertyType], [ValuationType], [SizeUnitsTypeID], [Size], [ValuationDate], [ValuationAmount], [DifferentiatorNotes], [RequestProperties], [Source], [Host], [LocalityName], [RequestUri], [RequestDate]) VALUES (54, 33, N'2201/6861', NULL, NULL, N'DRC', 1, CAST(702.00 AS Decimal(18, 2)), CAST(N'2005-10-21T00:00:00.000' AS DateTime), CAST(240000.00 AS Decimal(18, 2)), N'1 bathroom,no garage,s/quarter', NULL, NULL, NULL, N'Broadhurst', NULL, NULL)
INSERT [dbo].[Valuations] ([Id], [LocationId], [PlotNo], [LandUse], [PropertyType], [ValuationType], [SizeUnitsTypeID], [Size], [ValuationDate], [ValuationAmount], [DifferentiatorNotes], [RequestProperties], [Source], [Host], [LocalityName], [RequestUri], [RequestDate]) VALUES (55, 33, N'2202/1389', NULL, NULL, N' Cost', 1, CAST(1186.00 AS Decimal(18, 2)), CAST(N'2005-10-24T00:00:00.000' AS DateTime), CAST(300000.00 AS Decimal(18, 2)), N'', NULL, NULL, NULL, N'Tlokweng', NULL, NULL)
INSERT [dbo].[Valuations] ([Id], [LocationId], [PlotNo], [LandUse], [PropertyType], [ValuationType], [SizeUnitsTypeID], [Size], [ValuationDate], [ValuationAmount], [DifferentiatorNotes], [RequestProperties], [Source], [Host], [LocalityName], [RequestUri], [RequestDate]) VALUES (56, 33, N'2203/4709', NULL, NULL, N'DRC', 1, CAST(714.00 AS Decimal(18, 2)), CAST(N'2005-10-27T00:00:00.000' AS DateTime), CAST(270000.00 AS Decimal(18, 2)), N'', NULL, NULL, NULL, N'Tlokweng', NULL, NULL)
INSERT [dbo].[Valuations] ([Id], [LocationId], [PlotNo], [LandUse], [PropertyType], [ValuationType], [SizeUnitsTypeID], [Size], [ValuationDate], [ValuationAmount], [DifferentiatorNotes], [RequestProperties], [Source], [Host], [LocalityName], [RequestUri], [RequestDate]) VALUES (57, 33, N'2207/6256', NULL, NULL, N'DRC', 1, CAST(560.00 AS Decimal(18, 2)), CAST(N'2005-09-21T00:00:00.000' AS DateTime), CAST(160000.00 AS Decimal(18, 2)), N'1 bathroom, no garage', NULL, NULL, NULL, N'Ext 19', NULL, NULL)
INSERT [dbo].[Valuations] ([Id], [LocationId], [PlotNo], [LandUse], [PropertyType], [ValuationType], [SizeUnitsTypeID], [Size], [ValuationDate], [ValuationAmount], [DifferentiatorNotes], [RequestProperties], [Source], [Host], [LocalityName], [RequestUri], [RequestDate]) VALUES (58, 33, N'2208/33737', NULL, NULL, N'DRC', 1, CAST(408.00 AS Decimal(18, 2)), CAST(N'2005-11-04T00:00:00.000' AS DateTime), CAST(120000.00 AS Decimal(18, 2)), N'', NULL, NULL, NULL, N'Block 8', NULL, NULL)
INSERT [dbo].[Valuations] ([Id], [LocationId], [PlotNo], [LandUse], [PropertyType], [ValuationType], [SizeUnitsTypeID], [Size], [ValuationDate], [ValuationAmount], [DifferentiatorNotes], [RequestProperties], [Source], [Host], [LocalityName], [RequestUri], [RequestDate]) VALUES (59, 33, N'2209/23422', NULL, NULL, N'DRC', 1, CAST(664.00 AS Decimal(18, 2)), CAST(N'2005-11-08T00:00:00.000' AS DateTime), CAST(150000.00 AS Decimal(18, 2)), N'', NULL, NULL, NULL, N'Block 4', NULL, NULL)
INSERT [dbo].[Valuations] ([Id], [LocationId], [PlotNo], [LandUse], [PropertyType], [ValuationType], [SizeUnitsTypeID], [Size], [ValuationDate], [ValuationAmount], [DifferentiatorNotes], [RequestProperties], [Source], [Host], [LocalityName], [RequestUri], [RequestDate]) VALUES (60, 33, N'2211/39446', NULL, NULL, N'DRC', 1, CAST(413.00 AS Decimal(18, 2)), CAST(N'2005-10-13T00:00:00.000' AS DateTime), CAST(230000.00 AS Decimal(18, 2)), N'2 bathrooms,no garage', NULL, NULL, NULL, N'Block 6', NULL, NULL)
INSERT [dbo].[Valuations] ([Id], [LocationId], [PlotNo], [LandUse], [PropertyType], [ValuationType], [SizeUnitsTypeID], [Size], [ValuationDate], [ValuationAmount], [DifferentiatorNotes], [RequestProperties], [Source], [Host], [LocalityName], [RequestUri], [RequestDate]) VALUES (61, 33, N'2211/39447', NULL, NULL, N'DRC', 1, CAST(413.00 AS Decimal(18, 2)), CAST(N'2012-01-17T00:00:00.000' AS DateTime), CAST(610000.00 AS Decimal(18, 2)), N'no garage', NULL, NULL, NULL, N'Block 6', NULL, NULL)
INSERT [dbo].[Valuations] ([Id], [LocationId], [PlotNo], [LandUse], [PropertyType], [ValuationType], [SizeUnitsTypeID], [Size], [ValuationDate], [ValuationAmount], [DifferentiatorNotes], [RequestProperties], [Source], [Host], [LocalityName], [RequestUri], [RequestDate]) VALUES (62, 33, N'2212/11186', NULL, NULL, N'DRC', 1, CAST(435.00 AS Decimal(18, 2)), CAST(N'2005-11-09T00:00:00.000' AS DateTime), CAST(240000.00 AS Decimal(18, 2)), N'no garage', NULL, NULL, NULL, N'Phase 2', NULL, NULL)
INSERT [dbo].[Valuations] ([Id], [LocationId], [PlotNo], [LandUse], [PropertyType], [ValuationType], [SizeUnitsTypeID], [Size], [ValuationDate], [ValuationAmount], [DifferentiatorNotes], [RequestProperties], [Source], [Host], [LocalityName], [RequestUri], [RequestDate]) VALUES (63, 33, N'2212/35172', NULL, NULL, N'DRC', 1, CAST(400.00 AS Decimal(18, 2)), CAST(N'2009-11-13T00:00:00.000' AS DateTime), CAST(625000.00 AS Decimal(18, 2)), N'', NULL, NULL, NULL, N'Block 8', NULL, NULL)
INSERT [dbo].[Valuations] ([Id], [LocationId], [PlotNo], [LandUse], [PropertyType], [ValuationType], [SizeUnitsTypeID], [Size], [ValuationDate], [ValuationAmount], [DifferentiatorNotes], [RequestProperties], [Source], [Host], [LocalityName], [RequestUri], [RequestDate]) VALUES (64, 33, N'2213/53191', NULL, NULL, N'DRC', 1, CAST(956.00 AS Decimal(18, 2)), CAST(N'2008-05-15T00:00:00.000' AS DateTime), CAST(950000.00 AS Decimal(18, 2)), N'', NULL, NULL, NULL, N'phakalane', NULL, NULL)
INSERT [dbo].[Valuations] ([Id], [LocationId], [PlotNo], [LandUse], [PropertyType], [ValuationType], [SizeUnitsTypeID], [Size], [ValuationDate], [ValuationAmount], [DifferentiatorNotes], [RequestProperties], [Source], [Host], [LocalityName], [RequestUri], [RequestDate]) VALUES (65, 33, N'2215/23799', NULL, NULL, N'Cost', 1, CAST(700.00 AS Decimal(18, 2)), CAST(N'2005-05-10T00:00:00.000' AS DateTime), CAST(245000.00 AS Decimal(18, 2)), N'1 bathroom, no garage,s/quarter', NULL, NULL, NULL, N'Phase 4', NULL, NULL)
INSERT [dbo].[Valuations] ([Id], [LocationId], [PlotNo], [LandUse], [PropertyType], [ValuationType], [SizeUnitsTypeID], [Size], [ValuationDate], [ValuationAmount], [DifferentiatorNotes], [RequestProperties], [Source], [Host], [LocalityName], [RequestUri], [RequestDate]) VALUES (66, 33, N'2215/24202', NULL, NULL, N'cost', 1, CAST(1167.00 AS Decimal(18, 2)), CAST(N'2008-02-02T00:00:00.000' AS DateTime), CAST(443000.00 AS Decimal(18, 2)), N'', NULL, NULL, NULL, N'block 9', NULL, NULL)
INSERT [dbo].[Valuations] ([Id], [LocationId], [PlotNo], [LandUse], [PropertyType], [ValuationType], [SizeUnitsTypeID], [Size], [ValuationDate], [ValuationAmount], [DifferentiatorNotes], [RequestProperties], [Source], [Host], [LocalityName], [RequestUri], [RequestDate]) VALUES (67, 33, N'2219/45', NULL, NULL, N'DRC', 1, CAST(37800.00 AS Decimal(18, 2)), CAST(N'2010-04-30T00:00:00.000' AS DateTime), CAST(2800000.00 AS Decimal(18, 2)), N'', NULL, NULL, NULL, N'Notwane', NULL, NULL)
INSERT [dbo].[Valuations] ([Id], [LocationId], [PlotNo], [LandUse], [PropertyType], [ValuationType], [SizeUnitsTypeID], [Size], [ValuationDate], [ValuationAmount], [DifferentiatorNotes], [RequestProperties], [Source], [Host], [LocalityName], [RequestUri], [RequestDate]) VALUES (68, 33, N'2220/37583', NULL, NULL, N'DRC', 1, CAST(623.00 AS Decimal(18, 2)), CAST(N'2011-09-15T00:00:00.000' AS DateTime), CAST(1000000.00 AS Decimal(18, 2)), N'', NULL, NULL, NULL, N'block 8', NULL, NULL)
INSERT [dbo].[Valuations] ([Id], [LocationId], [PlotNo], [LandUse], [PropertyType], [ValuationType], [SizeUnitsTypeID], [Size], [ValuationDate], [ValuationAmount], [DifferentiatorNotes], [RequestProperties], [Source], [Host], [LocalityName], [RequestUri], [RequestDate]) VALUES (69, 33, N'2221/1042', NULL, NULL, N'DRC', 1, CAST(1120.00 AS Decimal(18, 2)), CAST(N'2012-09-20T00:00:00.000' AS DateTime), CAST(880000.00 AS Decimal(18, 2)), N'', NULL, NULL, NULL, N'mogoditshane', NULL, NULL)
INSERT [dbo].[Valuations] ([Id], [LocationId], [PlotNo], [LandUse], [PropertyType], [ValuationType], [SizeUnitsTypeID], [Size], [ValuationDate], [ValuationAmount], [DifferentiatorNotes], [RequestProperties], [Source], [Host], [LocalityName], [RequestUri], [RequestDate]) VALUES (70, 33, N'2221/25381', NULL, NULL, N'DRC', 1, CAST(2401.00 AS Decimal(18, 2)), CAST(N'2005-11-14T00:00:00.000' AS DateTime), CAST(2100000.00 AS Decimal(18, 2)), N'', NULL, NULL, NULL, N'block 9', NULL, NULL)
INSERT [dbo].[Valuations] ([Id], [LocationId], [PlotNo], [LandUse], [PropertyType], [ValuationType], [SizeUnitsTypeID], [Size], [ValuationDate], [ValuationAmount], [DifferentiatorNotes], [RequestProperties], [Source], [Host], [LocalityName], [RequestUri], [RequestDate]) VALUES (71, 33, N'2222/28121', NULL, NULL, N'DRC', 1, CAST(405.00 AS Decimal(18, 2)), CAST(N'2005-11-05T00:00:00.000' AS DateTime), CAST(220000.00 AS Decimal(18, 2)), N'', NULL, NULL, NULL, N'block3', NULL, NULL)
INSERT [dbo].[Valuations] ([Id], [LocationId], [PlotNo], [LandUse], [PropertyType], [ValuationType], [SizeUnitsTypeID], [Size], [ValuationDate], [ValuationAmount], [DifferentiatorNotes], [RequestProperties], [Source], [Host], [LocalityName], [RequestUri], [RequestDate]) VALUES (72, 33, N'2225/3255', NULL, NULL, N'investment', 1, CAST(1353.00 AS Decimal(18, 2)), CAST(N'2005-11-05T00:00:00.000' AS DateTime), CAST(140000.00 AS Decimal(18, 2)), N'', NULL, NULL, NULL, N'mogoditshane', NULL, NULL)
INSERT [dbo].[Valuations] ([Id], [LocationId], [PlotNo], [LandUse], [PropertyType], [ValuationType], [SizeUnitsTypeID], [Size], [ValuationDate], [ValuationAmount], [DifferentiatorNotes], [RequestProperties], [Source], [Host], [LocalityName], [RequestUri], [RequestDate]) VALUES (73, 33, N'2226/7730', NULL, NULL, N'DRC', 1, CAST(1591.00 AS Decimal(18, 2)), CAST(N'2005-10-25T00:00:00.000' AS DateTime), CAST(1300000.00 AS Decimal(18, 2)), N'', NULL, NULL, NULL, N'mogoditshane', NULL, NULL)
INSERT [dbo].[Valuations] ([Id], [LocationId], [PlotNo], [LandUse], [PropertyType], [ValuationType], [SizeUnitsTypeID], [Size], [ValuationDate], [ValuationAmount], [DifferentiatorNotes], [RequestProperties], [Source], [Host], [LocalityName], [RequestUri], [RequestDate]) VALUES (74, 33, N'2227/2400', NULL, NULL, N'DRC', 1, CAST(950.00 AS Decimal(18, 2)), CAST(N'2013-03-03T00:00:00.000' AS DateTime), CAST(1500000.00 AS Decimal(18, 2)), N'1 bathroom', NULL, NULL, NULL, N'Tlokweng', NULL, NULL)
INSERT [dbo].[Valuations] ([Id], [LocationId], [PlotNo], [LandUse], [PropertyType], [ValuationType], [SizeUnitsTypeID], [Size], [ValuationDate], [ValuationAmount], [DifferentiatorNotes], [RequestProperties], [Source], [Host], [LocalityName], [RequestUri], [RequestDate]) VALUES (75, 33, N'2231/25851', NULL, NULL, N'DRC', 1, CAST(701.00 AS Decimal(18, 2)), CAST(N'2005-11-24T00:00:00.000' AS DateTime), CAST(950000.00 AS Decimal(18, 2)), N'', NULL, NULL, NULL, N'Phakalane', NULL, NULL)
INSERT [dbo].[Valuations] ([Id], [LocationId], [PlotNo], [LandUse], [PropertyType], [ValuationType], [SizeUnitsTypeID], [Size], [ValuationDate], [ValuationAmount], [DifferentiatorNotes], [RequestProperties], [Source], [Host], [LocalityName], [RequestUri], [RequestDate]) VALUES (76, 33, N'2232/12278', NULL, NULL, N'Cost', 1, CAST(450.00 AS Decimal(18, 2)), CAST(N'2005-11-24T00:00:00.000' AS DateTime), CAST(110000.00 AS Decimal(18, 2)), N'', NULL, NULL, NULL, N'Tshweneng', NULL, NULL)
INSERT [dbo].[Valuations] ([Id], [LocationId], [PlotNo], [LandUse], [PropertyType], [ValuationType], [SizeUnitsTypeID], [Size], [ValuationDate], [ValuationAmount], [DifferentiatorNotes], [RequestProperties], [Source], [Host], [LocalityName], [RequestUri], [RequestDate]) VALUES (77, 33, N'2235/11963', NULL, NULL, N'investment', 1, CAST(517.00 AS Decimal(18, 2)), CAST(N'2012-06-28T00:00:00.000' AS DateTime), CAST(510000.00 AS Decimal(18, 2)), N'2 bathrooms', NULL, NULL, NULL, N'Mogoditshane', NULL, NULL)
INSERT [dbo].[Valuations] ([Id], [LocationId], [PlotNo], [LandUse], [PropertyType], [ValuationType], [SizeUnitsTypeID], [Size], [ValuationDate], [ValuationAmount], [DifferentiatorNotes], [RequestProperties], [Source], [Host], [LocalityName], [RequestUri], [RequestDate]) VALUES (78, 33, N'2235/19896', NULL, NULL, N'cost', 1, CAST(544.00 AS Decimal(18, 2)), CAST(N'2005-11-30T00:00:00.000' AS DateTime), CAST(170000.00 AS Decimal(18, 2)), N'1 bathroom, no garage', NULL, NULL, NULL, N'Phase 2', NULL, NULL)
INSERT [dbo].[Valuations] ([Id], [LocationId], [PlotNo], [LandUse], [PropertyType], [ValuationType], [SizeUnitsTypeID], [Size], [ValuationDate], [ValuationAmount], [DifferentiatorNotes], [RequestProperties], [Source], [Host], [LocalityName], [RequestUri], [RequestDate]) VALUES (79, 33, N'2235/2874', NULL, NULL, N'DRC', 1, CAST(972.00 AS Decimal(18, 2)), CAST(N'2012-06-28T00:00:00.000' AS DateTime), CAST(410000.00 AS Decimal(18, 2)), N'', NULL, NULL, NULL, N'Tlokweng', NULL, NULL)
INSERT [dbo].[Valuations] ([Id], [LocationId], [PlotNo], [LandUse], [PropertyType], [ValuationType], [SizeUnitsTypeID], [Size], [ValuationDate], [ValuationAmount], [DifferentiatorNotes], [RequestProperties], [Source], [Host], [LocalityName], [RequestUri], [RequestDate]) VALUES (80, 33, N'2236/1606', NULL, NULL, N'cost', 1, CAST(900.00 AS Decimal(18, 2)), CAST(N'2005-11-30T00:00:00.000' AS DateTime), CAST(250000.00 AS Decimal(18, 2)), N'', NULL, NULL, NULL, N'Mogoditshane', NULL, NULL)
INSERT [dbo].[Valuations] ([Id], [LocationId], [PlotNo], [LandUse], [PropertyType], [ValuationType], [SizeUnitsTypeID], [Size], [ValuationDate], [ValuationAmount], [DifferentiatorNotes], [RequestProperties], [Source], [Host], [LocalityName], [RequestUri], [RequestDate]) VALUES (81, 33, N'2237/13745', NULL, NULL, N'DRC', 1, CAST(509.00 AS Decimal(18, 2)), CAST(N'2008-12-02T00:00:00.000' AS DateTime), CAST(410000.00 AS Decimal(18, 2)), N'1 bathroom,no garage', NULL, NULL, NULL, N'Phase 1', NULL, NULL)
INSERT [dbo].[Valuations] ([Id], [LocationId], [PlotNo], [LandUse], [PropertyType], [ValuationType], [SizeUnitsTypeID], [Size], [ValuationDate], [ValuationAmount], [DifferentiatorNotes], [RequestProperties], [Source], [Host], [LocalityName], [RequestUri], [RequestDate]) VALUES (82, 33, N'2237/27423', NULL, NULL, N'DRC', 1, CAST(405.00 AS Decimal(18, 2)), CAST(N'2005-07-13T00:00:00.000' AS DateTime), CAST(95000.00 AS Decimal(18, 2)), N'', NULL, NULL, NULL, N'block 3', NULL, NULL)
INSERT [dbo].[Valuations] ([Id], [LocationId], [PlotNo], [LandUse], [PropertyType], [ValuationType], [SizeUnitsTypeID], [Size], [ValuationDate], [ValuationAmount], [DifferentiatorNotes], [RequestProperties], [Source], [Host], [LocalityName], [RequestUri], [RequestDate]) VALUES (83, 33, N'2238/23789', NULL, NULL, N'investment', 1, CAST(600.00 AS Decimal(18, 2)), CAST(N'2010-12-01T00:00:00.000' AS DateTime), CAST(630000.00 AS Decimal(18, 2)), N'1 bathroom,no garage', NULL, NULL, NULL, N'', NULL, NULL)
INSERT [dbo].[Valuations] ([Id], [LocationId], [PlotNo], [LandUse], [PropertyType], [ValuationType], [SizeUnitsTypeID], [Size], [ValuationDate], [ValuationAmount], [DifferentiatorNotes], [RequestProperties], [Source], [Host], [LocalityName], [RequestUri], [RequestDate]) VALUES (84, 33, N'2238/23790', NULL, NULL, N'Cost', 1, CAST(678.00 AS Decimal(18, 2)), CAST(N'2005-11-24T00:00:00.000' AS DateTime), CAST(300000.00 AS Decimal(18, 2)), N'1 bathroom, no garage', NULL, NULL, NULL, N'Phase 4', NULL, NULL)
INSERT [dbo].[Valuations] ([Id], [LocationId], [PlotNo], [LandUse], [PropertyType], [ValuationType], [SizeUnitsTypeID], [Size], [ValuationDate], [ValuationAmount], [DifferentiatorNotes], [RequestProperties], [Source], [Host], [LocalityName], [RequestUri], [RequestDate]) VALUES (85, 33, N'2239/31362', NULL, NULL, N'DRC', 1, CAST(2805.00 AS Decimal(18, 2)), CAST(N'2008-08-28T00:00:00.000' AS DateTime), CAST(1350000.00 AS Decimal(18, 2)), N'2 bathrooms,swimming pool', NULL, NULL, NULL, N'phakalane', NULL, NULL)
INSERT [dbo].[Valuations] ([Id], [LocationId], [PlotNo], [LandUse], [PropertyType], [ValuationType], [SizeUnitsTypeID], [Size], [ValuationDate], [ValuationAmount], [DifferentiatorNotes], [RequestProperties], [Source], [Host], [LocalityName], [RequestUri], [RequestDate]) VALUES (86, 33, N'2239/69327', NULL, NULL, N'DRC', 1, CAST(1035.00 AS Decimal(18, 2)), CAST(N'2011-10-03T00:00:00.000' AS DateTime), CAST(400000.00 AS Decimal(18, 2)), N'', NULL, NULL, NULL, N'phakalane', NULL, NULL)
INSERT [dbo].[Valuations] ([Id], [LocationId], [PlotNo], [LandUse], [PropertyType], [ValuationType], [SizeUnitsTypeID], [Size], [ValuationDate], [ValuationAmount], [DifferentiatorNotes], [RequestProperties], [Source], [Host], [LocalityName], [RequestUri], [RequestDate]) VALUES (87, 33, N'2243/689', NULL, NULL, N'Cost', 1, CAST(1200.00 AS Decimal(18, 2)), CAST(N'2005-10-04T00:00:00.000' AS DateTime), CAST(570000.00 AS Decimal(18, 2)), N'', NULL, NULL, NULL, N'mogoditshane', NULL, NULL)
INSERT [dbo].[Valuations] ([Id], [LocationId], [PlotNo], [LandUse], [PropertyType], [ValuationType], [SizeUnitsTypeID], [Size], [ValuationDate], [ValuationAmount], [DifferentiatorNotes], [RequestProperties], [Source], [Host], [LocalityName], [RequestUri], [RequestDate]) VALUES (88, 33, N'2244/349', NULL, NULL, N'DRC', 1, CAST(1212.00 AS Decimal(18, 2)), CAST(N'2006-05-31T00:00:00.000' AS DateTime), CAST(480000.00 AS Decimal(18, 2)), N'no garage, s/quarter, carpot', NULL, NULL, NULL, N'Tlokweng', NULL, NULL)
INSERT [dbo].[Valuations] ([Id], [LocationId], [PlotNo], [LandUse], [PropertyType], [ValuationType], [SizeUnitsTypeID], [Size], [ValuationDate], [ValuationAmount], [DifferentiatorNotes], [RequestProperties], [Source], [Host], [LocalityName], [RequestUri], [RequestDate]) VALUES (89, 33, N'2247/26323', NULL, NULL, N'Cost', 1, CAST(600.00 AS Decimal(18, 2)), CAST(N'2010-12-03T00:00:00.000' AS DateTime), CAST(610000.00 AS Decimal(18, 2)), N'no garage,carport, s/quarter', NULL, NULL, NULL, N'Block 9', NULL, NULL)
INSERT [dbo].[Valuations] ([Id], [LocationId], [PlotNo], [LandUse], [PropertyType], [ValuationType], [SizeUnitsTypeID], [Size], [ValuationDate], [ValuationAmount], [DifferentiatorNotes], [RequestProperties], [Source], [Host], [LocalityName], [RequestUri], [RequestDate]) VALUES (90, 35, N'2234/11', NULL, NULL, N'DRC', 1, CAST(1962.00 AS Decimal(18, 2)), CAST(N'2006-05-03T00:00:00.000' AS DateTime), CAST(320000.00 AS Decimal(18, 2)), N'', NULL, NULL, NULL, N'', NULL, NULL)
INSERT [dbo].[Valuations] ([Id], [LocationId], [PlotNo], [LandUse], [PropertyType], [ValuationType], [SizeUnitsTypeID], [Size], [ValuationDate], [ValuationAmount], [DifferentiatorNotes], [RequestProperties], [Source], [Host], [LocalityName], [RequestUri], [RequestDate]) VALUES (91, 36, N'2155', NULL, NULL, N'DRC', 1, CAST(842.00 AS Decimal(18, 2)), CAST(N'2013-01-22T00:00:00.000' AS DateTime), CAST(420000.00 AS Decimal(18, 2)), N'', NULL, NULL, NULL, N'Lesetlhana ward', NULL, NULL)
INSERT [dbo].[Valuations] ([Id], [LocationId], [PlotNo], [LandUse], [PropertyType], [ValuationType], [SizeUnitsTypeID], [Size], [ValuationDate], [ValuationAmount], [DifferentiatorNotes], [RequestProperties], [Source], [Host], [LocalityName], [RequestUri], [RequestDate]) VALUES (92, 36, N'2228/995', NULL, NULL, N'DRC', 1, CAST(730.00 AS Decimal(18, 2)), CAST(N'2005-11-05T00:00:00.000' AS DateTime), CAST(85000.00 AS Decimal(18, 2)), N'', NULL, NULL, NULL, N'Boatle ward', NULL, NULL)
INSERT [dbo].[Valuations] ([Id], [LocationId], [PlotNo], [LandUse], [PropertyType], [ValuationType], [SizeUnitsTypeID], [Size], [ValuationDate], [ValuationAmount], [DifferentiatorNotes], [RequestProperties], [Source], [Host], [LocalityName], [RequestUri], [RequestDate]) VALUES (93, 42, N'2177/2957', NULL, NULL, N'DRC', 1, CAST(1108.00 AS Decimal(18, 2)), CAST(N'2013-03-26T00:00:00.000' AS DateTime), CAST(450000.00 AS Decimal(18, 2)), N'No garage, 1 bathroom', NULL, NULL, NULL, N'', NULL, NULL)
INSERT [dbo].[Valuations] ([Id], [LocationId], [PlotNo], [LandUse], [PropertyType], [ValuationType], [SizeUnitsTypeID], [Size], [ValuationDate], [ValuationAmount], [DifferentiatorNotes], [RequestProperties], [Source], [Host], [LocalityName], [RequestUri], [RequestDate]) VALUES (94, 42, N'2208/5540', NULL, NULL, N'DRC', 1, CAST(935.00 AS Decimal(18, 2)), CAST(N'2012-06-18T00:00:00.000' AS DateTime), CAST(280000.00 AS Decimal(18, 2)), N'', NULL, NULL, NULL, N'', NULL, NULL)
INSERT [dbo].[Valuations] ([Id], [LocationId], [PlotNo], [LandUse], [PropertyType], [ValuationType], [SizeUnitsTypeID], [Size], [ValuationDate], [ValuationAmount], [DifferentiatorNotes], [RequestProperties], [Source], [Host], [LocalityName], [RequestUri], [RequestDate]) VALUES (95, 43, N'2183/1257', NULL, NULL, N'DRC', 1, CAST(952.00 AS Decimal(18, 2)), CAST(N'2013-06-24T00:00:00.000' AS DateTime), CAST(900000.00 AS Decimal(18, 2)), N'no garage, 2 bathrooms,s/quarter', NULL, NULL, NULL, N'', NULL, NULL)
INSERT [dbo].[Valuations] ([Id], [LocationId], [PlotNo], [LandUse], [PropertyType], [ValuationType], [SizeUnitsTypeID], [Size], [ValuationDate], [ValuationAmount], [DifferentiatorNotes], [RequestProperties], [Source], [Host], [LocalityName], [RequestUri], [RequestDate]) VALUES (96, 43, N'2183/296', NULL, NULL, N'DRC', 1, CAST(1145.00 AS Decimal(18, 2)), CAST(N'2013-03-18T00:00:00.000' AS DateTime), CAST(650000.00 AS Decimal(18, 2)), N'3*2 bedroomed  units, s/squarter', NULL, NULL, NULL, N'Gaphatshwa ward', NULL, NULL)
INSERT [dbo].[Valuations] ([Id], [LocationId], [PlotNo], [LandUse], [PropertyType], [ValuationType], [SizeUnitsTypeID], [Size], [ValuationDate], [ValuationAmount], [DifferentiatorNotes], [RequestProperties], [Source], [Host], [LocalityName], [RequestUri], [RequestDate]) VALUES (97, 43, N'2230/1775', NULL, NULL, N'DRC', 1, CAST(900.00 AS Decimal(18, 2)), CAST(N'2005-10-25T00:00:00.000' AS DateTime), CAST(440000.00 AS Decimal(18, 2)), N'double garage', NULL, NULL, NULL, N'', NULL, NULL)
INSERT [dbo].[Valuations] ([Id], [LocationId], [PlotNo], [LandUse], [PropertyType], [ValuationType], [SizeUnitsTypeID], [Size], [ValuationDate], [ValuationAmount], [DifferentiatorNotes], [RequestProperties], [Source], [Host], [LocalityName], [RequestUri], [RequestDate]) VALUES (98, 44, N'2226/1093', NULL, NULL, N'Cost', 1, CAST(900.00 AS Decimal(18, 2)), CAST(N'2010-07-10T00:00:00.000' AS DateTime), CAST(330000.00 AS Decimal(18, 2)), N'', NULL, NULL, NULL, N'', NULL, NULL)
INSERT [dbo].[Valuations] ([Id], [LocationId], [PlotNo], [LandUse], [PropertyType], [ValuationType], [SizeUnitsTypeID], [Size], [ValuationDate], [ValuationAmount], [DifferentiatorNotes], [RequestProperties], [Source], [Host], [LocalityName], [RequestUri], [RequestDate]) VALUES (99, 44, N'2226/1093', NULL, NULL, N'DRC', 1, CAST(900.00 AS Decimal(18, 2)), CAST(N'2005-11-05T00:00:00.000' AS DateTime), CAST(120000.00 AS Decimal(18, 2)), N'', NULL, NULL, NULL, N'', NULL, NULL)
GO
INSERT [dbo].[Valuations] ([Id], [LocationId], [PlotNo], [LandUse], [PropertyType], [ValuationType], [SizeUnitsTypeID], [Size], [ValuationDate], [ValuationAmount], [DifferentiatorNotes], [RequestProperties], [Source], [Host], [LocalityName], [RequestUri], [RequestDate]) VALUES (100, 45, N'2130/', NULL, NULL, N'DRC', 1, CAST(1600.00 AS Decimal(18, 2)), CAST(N'2011-09-26T00:00:00.000' AS DateTime), CAST(290000.00 AS Decimal(18, 2)), N'', NULL, NULL, NULL, N'Modipane', NULL, NULL)
INSERT [dbo].[Valuations] ([Id], [LocationId], [PlotNo], [LandUse], [PropertyType], [ValuationType], [SizeUnitsTypeID], [Size], [ValuationDate], [ValuationAmount], [DifferentiatorNotes], [RequestProperties], [Source], [Host], [LocalityName], [RequestUri], [RequestDate]) VALUES (101, 45, N'2130/212', NULL, NULL, N'DRC', 1, CAST(1201.00 AS Decimal(18, 2)), CAST(N'2013-08-27T00:00:00.000' AS DateTime), CAST(300000.00 AS Decimal(18, 2)), N'No garage, 1 bathroom', NULL, NULL, NULL, N'Modipane', NULL, NULL)
INSERT [dbo].[Valuations] ([Id], [LocationId], [PlotNo], [LandUse], [PropertyType], [ValuationType], [SizeUnitsTypeID], [Size], [ValuationDate], [ValuationAmount], [DifferentiatorNotes], [RequestProperties], [Source], [Host], [LocalityName], [RequestUri], [RequestDate]) VALUES (102, 45, N'2130/255', NULL, NULL, N'DRC', 1, CAST(854.00 AS Decimal(18, 2)), CAST(N'2012-06-22T00:00:00.000' AS DateTime), CAST(520000.00 AS Decimal(18, 2)), N'No garage', NULL, NULL, NULL, N'Modipane', NULL, NULL)
INSERT [dbo].[Valuations] ([Id], [LocationId], [PlotNo], [LandUse], [PropertyType], [ValuationType], [SizeUnitsTypeID], [Size], [ValuationDate], [ValuationAmount], [DifferentiatorNotes], [RequestProperties], [Source], [Host], [LocalityName], [RequestUri], [RequestDate]) VALUES (103, 45, N'2130/37', NULL, NULL, N'DRC', 1, CAST(1373.00 AS Decimal(18, 2)), CAST(N'2005-11-08T00:00:00.000' AS DateTime), CAST(280000.00 AS Decimal(18, 2)), N'', NULL, NULL, NULL, N'Modipane', NULL, NULL)
INSERT [dbo].[Valuations] ([Id], [LocationId], [PlotNo], [LandUse], [PropertyType], [ValuationType], [SizeUnitsTypeID], [Size], [ValuationDate], [ValuationAmount], [DifferentiatorNotes], [RequestProperties], [Source], [Host], [LocalityName], [RequestUri], [RequestDate]) VALUES (104, 45, N'2130/49', NULL, NULL, N'DRC', 1, CAST(1636.00 AS Decimal(18, 2)), CAST(N'2009-07-25T00:00:00.000' AS DateTime), CAST(120000.00 AS Decimal(18, 2)), N'no garage, no bathroom', NULL, NULL, NULL, N'Modipane', NULL, NULL)
INSERT [dbo].[Valuations] ([Id], [LocationId], [PlotNo], [LandUse], [PropertyType], [ValuationType], [SizeUnitsTypeID], [Size], [ValuationDate], [ValuationAmount], [DifferentiatorNotes], [RequestProperties], [Source], [Host], [LocalityName], [RequestUri], [RequestDate]) VALUES (105, 45, N'2216/5', NULL, NULL, N'DRC', 1, CAST(2372.00 AS Decimal(18, 2)), CAST(N'2005-11-10T00:00:00.000' AS DateTime), CAST(230000.00 AS Decimal(18, 2)), N'', NULL, NULL, NULL, N'Matebeleng', NULL, NULL)
INSERT [dbo].[Valuations] ([Id], [LocationId], [PlotNo], [LandUse], [PropertyType], [ValuationType], [SizeUnitsTypeID], [Size], [ValuationDate], [ValuationAmount], [DifferentiatorNotes], [RequestProperties], [Source], [Host], [LocalityName], [RequestUri], [RequestDate]) VALUES (106, 45, N'2233/135', NULL, NULL, N'Cost', 1, CAST(1122.00 AS Decimal(18, 2)), CAST(N'2005-11-26T00:00:00.000' AS DateTime), CAST(140000.00 AS Decimal(18, 2)), N'', NULL, NULL, NULL, N'', NULL, NULL)
INSERT [dbo].[Valuations] ([Id], [LocationId], [PlotNo], [LandUse], [PropertyType], [ValuationType], [SizeUnitsTypeID], [Size], [ValuationDate], [ValuationAmount], [DifferentiatorNotes], [RequestProperties], [Source], [Host], [LocalityName], [RequestUri], [RequestDate]) VALUES (107, 46, N'2174/197', NULL, NULL, N'DRC', 1, CAST(1347.00 AS Decimal(18, 2)), CAST(N'2009-07-07T00:00:00.000' AS DateTime), CAST(150000.00 AS Decimal(18, 2)), N'1 bathroom,no garage', NULL, NULL, NULL, N'', NULL, NULL)
INSERT [dbo].[Valuations] ([Id], [LocationId], [PlotNo], [LandUse], [PropertyType], [ValuationType], [SizeUnitsTypeID], [Size], [ValuationDate], [ValuationAmount], [DifferentiatorNotes], [RequestProperties], [Source], [Host], [LocalityName], [RequestUri], [RequestDate]) VALUES (108, 46, N'2174/72', NULL, NULL, N'DRC', 1, CAST(1002.00 AS Decimal(18, 2)), CAST(N'2005-10-10T00:00:00.000' AS DateTime), CAST(500000.00 AS Decimal(18, 2)), N'', NULL, NULL, NULL, N'west extension', NULL, NULL)
INSERT [dbo].[Valuations] ([Id], [LocationId], [PlotNo], [LandUse], [PropertyType], [ValuationType], [SizeUnitsTypeID], [Size], [ValuationDate], [ValuationAmount], [DifferentiatorNotes], [RequestProperties], [Source], [Host], [LocalityName], [RequestUri], [RequestDate]) VALUES (109, 47, N'2198/7198', NULL, NULL, N'DRC', 1, CAST(5265.00 AS Decimal(18, 2)), CAST(N'2005-11-05T00:00:00.000' AS DateTime), CAST(1500000.00 AS Decimal(18, 2)), N'', NULL, NULL, NULL, N'', NULL, NULL)
INSERT [dbo].[Valuations] ([Id], [LocationId], [PlotNo], [LandUse], [PropertyType], [ValuationType], [SizeUnitsTypeID], [Size], [ValuationDate], [ValuationAmount], [DifferentiatorNotes], [RequestProperties], [Source], [Host], [LocalityName], [RequestUri], [RequestDate]) VALUES (110, 47, N'2198/899', NULL, NULL, N'investment', 1, CAST(1542.00 AS Decimal(18, 2)), CAST(N'2005-11-05T00:00:00.000' AS DateTime), CAST(700000.00 AS Decimal(18, 2)), N'', NULL, NULL, NULL, N'', NULL, NULL)
INSERT [dbo].[Valuations] ([Id], [LocationId], [PlotNo], [LandUse], [PropertyType], [ValuationType], [SizeUnitsTypeID], [Size], [ValuationDate], [ValuationAmount], [DifferentiatorNotes], [RequestProperties], [Source], [Host], [LocalityName], [RequestUri], [RequestDate]) VALUES (111, 48, N'2213/LA4LO', NULL, NULL, N'Cost', 1, CAST(389800.00 AS Decimal(18, 2)), CAST(N'2006-10-06T00:00:00.000' AS DateTime), CAST(550000.00 AS Decimal(18, 2)), N'', NULL, NULL, NULL, N'', NULL, NULL)
SET IDENTITY_INSERT [dbo].[Valuations] OFF
